idx,uuid,unitIdx,title
0,69b36a79-741d-40a9-a15b-1a255a99e507,0,Lv.1
1,46268fe5-fae9-418e-acac-2a25963c85f8,0,Lv.2
2,3a92050b-d39a-4966-b732-34551c1c208b,0,Lv.3
3,c591c62c-e856-4973-a069-ffcbe5b71d35,0,Lv.4
4,198ac37e-f839-401d-8abe-55ec2eaf16e1,0,Lv.5
5,3aba3f42-a687-4d21-8165-8d9728d9ddd1,0,Lv.6
6,ef292c2f-f49d-4b09-a88e-f4f150ec355a,0,Lv.7
7,4b6e7ce6-436f-4dac-96fc-dd4000d19ff9,0,Lv.8
8,4de3a17d-390c-4dc5-a3f5-3b629c2d3c8f,0,Lv.9
9,7d910648-7931-476b-b6d3-e83af083b370,0,Lv.10
10,0e249ddc-2b6b-43d5-8af9-a0767a1d32e6,1,Lv.1
11,9ed59134-6454-4159-9fd6-c1e72f5785b4,1,Lv.2
12,72f7fda8-7783-467e-b1e2-507d97372ba0,1,Lv.3
13,ce9b7ea5-516d-4613-8b96-0c5895ccd097,1,Lv.4
14,9dba8cbd-c376-4b33-a968-dc4e62fe1df1,1,Lv.5
15,652e5f09-785e-4bf9-9817-1468ea10ad3a,1,Lv.6
16,15f3b3fb-94d3-4199-9816-e4f54626fb1a,1,Lv.7
17,945dda57-ebf7-49f9-b359-aa541698580f,1,Lv.8
18,09aab33c-f003-416e-8b1f-c99a4398d17d,1,Lv.9
19,52615a38-26a5-4085-b9ba-bfc5ec9b3f85,1,Lv.10
20,ecce63ae-5e8f-4912-bcbd-00bd2d65276f,2,Lv.1
21,0c70f415-a3b8-465a-9ed6-9a8141b42cca,2,Lv.2
22,89d90635-a6dd-40de-ab6f-ffc4bb902e16,2,Lv.3
23,ad9bfe56-ed04-44de-9c93-923b24a8197c,2,Lv.4
24,836cb400-3f4f-4c1b-8541-f6bebc83ce5a,2,Lv.5
25,e450f9c2-be12-4a94-a099-d8ffb2ad63aa,2,Lv.6
26,6b4dd281-5b01-4700-b2e0-08064bd947f0,2,Lv.7
27,3c82cb93-208b-40b4-a2b5-7ebe172c2b3f,2,Lv.8
28,b5041b18-4eff-4b7f-a613-51c8f04bc118,2,Lv.9
29,23bdb141-fb35-4468-8bf7-1ed2da938834,2,Lv.10
30,ac274ab0-fb05-48c9-a97e-cdb30a60c87f,3,Lv.1
31,f11dab7e-1328-4db1-bc10-0b3b8ca0b155,3,Lv.2
32,303ce2d2-89a7-4cec-ba5a-0e2edfef352f,3,Lv.3
33,779b23dc-2a30-4339-bf4c-4f8f14c00516,3,Lv.4
34,6a2301ca-eb27-48cd-9a48-4c039760c6c4,3,Lv.5
35,4139a111-3bee-4f60-9f19-694c7766346b,3,Lv.6
36,0b5190d1-b0b6-4ec2-8dc0-28fb27ea75bf,3,Lv.7
37,56e445cf-d060-45f8-a2c4-104896f30675,3,Lv.8
38,0cf72609-e0a1-424d-a57c-641c24db49ef,3,Lv.9
39,b3277011-23aa-4ec5-ae11-033feb26cb35,3,Lv.10
40,580564a2-793e-4a24-9bff-ba035816030a,4,Lv.1
41,f16589d1-0100-435e-b33a-1e1ae92e55aa,4,Lv.2
42,938c705b-fdf1-4e78-ba57-de437804f729,4,Lv.3
43,9cafac24-9299-4b3b-81c7-e1f1d1eae7f0,4,Lv.4
44,318d68ae-1e72-4807-9b85-a4227a436ed4,4,Lv.5
45,8e01ff74-e2f1-4a99-b2b9-49b7e3e188e1,4,Lv.6
46,c09018be-e13c-47de-aa2f-cf32a061fb92,4,Lv.7
47,eeb3a5e7-9058-489e-9cea-16e4280f4013,4,Lv.8
48,56b5d5f3-d403-4bc1-83ed-d810377adbc4,4,Lv.9
49,0daa185f-c695-43b9-88fe-d80fe796f6a9,4,Lv.10
50,ca445620-4979-49f9-b7e5-2b7f5c623ce7,5,Lv.1
51,5b7653e4-8f68-4a1e-8c88-292a0c0ad0f5,5,Lv.2
52,211848b9-1e4e-4732-a31f-6b713ecc87c5,5,Lv.3
53,4faa1a0a-f396-4870-88e0-4fc881efeb5d,5,Lv.4
54,0be5a98d-8507-41ad-944b-60acb5f5f7a1,5,Lv.5
55,111d7c9b-220c-4762-889a-c1c95b997765,5,Lv.6
56,5a33767a-34b2-4073-a5a9-bc0b6e8bce32,5,Lv.7
57,62f8fc25-4567-4d48-96bb-9d85ac54fae1,5,Lv.8
58,02f25b35-7171-4b63-8e24-4f420317eec0,5,Lv.9
59,ae88480d-34f5-4b17-a776-dab03366bd08,5,Lv.10
